id,nome,preco,unidade,categoria,emEstoque,naCestaGrande,naCestaPequena,descricao,imagemUrl
cesta-grande,Cesta Grande,75.0,cesta (~10-12 itens),Cestas,TRUE,FALSE,FALSE,Cesta semanal com 10 a 12 itens selecionados pela COMUNA.,
cesta-pequena,Cesta Pequena,55.0,cesta (~9-10 itens),Cestas,TRUE,FALSE,FALSE,Cesta semanal com 9 a 10 itens selecionados pela COMUNA.,
abacate,Abacate,8.0,1 unidade,Frutas,FALSE,FALSE,FALSE,Abacate orgânico fresco.,
abacaxi-pequeno,Abacaxi Pequeno,15.0,1 unidade,Frutas,FALSE,FALSE,FALSE,,
abacaxi-medio,Abacaxi Médio,15.0,1 unidade,Frutas,FALSE,FALSE,FALSE,,
abio,Abio,10.0,500g,Frutas,FALSE,FALSE,FALSE,"Fruta tropical adocicada, rica em vitaminas.",
acerola,Acerola,5.0,250g,Frutas,FALSE,FALSE,FALSE,Rica em vitamina C. Ideal para sucos e vitaminas.,
ameixa-amarela,Ameixa Amarela,15.0,500g,Frutas,FALSE,FALSE,FALSE,,
ameixa-vermelha,Ameixa Vermelha,15.0,500g,Frutas,FALSE,FALSE,FALSE,,
amora,Amora,6.0,250g,Frutas,FALSE,FALSE,FALSE,Amora fresca orgânica.,
atemoia,Atemoia,10.0,1 unidade,Frutas,FALSE,FALSE,FALSE,Fruta tropical com polpa cremosa e doce.,
bacupari,Bacupari,7.0,250g,Frutas,FALSE,FALSE,FALSE,,
banana-da-terra,Banana da Terra,18.0,1kg,Frutas,FALSE,FALSE,FALSE,,
banana-de-fritar,Banana de Fritar,8.0,1kg,Frutas,FALSE,FALSE,FALSE,,
banana-maca,Banana Maçã,10.0,1kg,Frutas,FALSE,FALSE,FALSE,,
banana-nanica,Banana Nanica,12.0,1kg,Frutas,FALSE,FALSE,FALSE,,
banana-ouro,Banana Ouro,12.0,1kg,Frutas,FALSE,FALSE,FALSE,,
banana-prata,Banana Prata,9.0,1kg,Frutas,FALSE,FALSE,FALSE,,
cabeludinha,Cabeludinha,6.0,250g,Frutas,FALSE,FALSE,FALSE,"Fruta da Mata Atlântica, adocicada e aromática.",
cacau-fruta,Cacau Fruta,10.0,500g,Frutas,FALSE,FALSE,FALSE,Cacau fresco in natura.,
caju,Caju,5.0,100g,Frutas,FALSE,FALSE,FALSE,,
caqui,Caqui,10.0,500g,Frutas,FALSE,FALSE,FALSE,,
carambola,Carambola,10.0,500g,Frutas,FALSE,FALSE,FALSE,,
coco-verde,Coco Verde,5.0,1 unidade,Frutas,FALSE,FALSE,FALSE,,
figo,Figo,10.0,500g,Frutas,FALSE,FALSE,FALSE,,
goiaba,Goiaba,9.0,300g,Frutas,FALSE,FALSE,FALSE,,
graviola,Graviola,7.0,500g,Frutas,FALSE,FALSE,FALSE,,
inga,Ingá,5.0,500g,Frutas,FALSE,FALSE,FALSE,,
jaboticaba,Jaboticaba,6.0,250g,Frutas,FALSE,FALSE,FALSE,,
jaca-no-pote,Jaca no Pote,10.0,500g,Frutas,FALSE,FALSE,FALSE,,
jenipapo,Jenipapo,5.0,500g,Frutas,FALSE,FALSE,FALSE,,
kiwi,Kiwi,20.0,500g,Frutas,FALSE,FALSE,FALSE,,
laranja-bahia,Laranja Bahia,8.0,500g,Frutas,FALSE,FALSE,FALSE,,
laranja-lima,Laranja Lima,6.0,500g,Frutas,FALSE,FALSE,FALSE,,
laranja-pera,Laranja Pêra,7.0,500g,Frutas,FALSE,FALSE,FALSE,,
lima,Lima,6.0,500g,Frutas,FALSE,FALSE,FALSE,,
lima-da-persia,Lima da Pérsia,8.0,500g,Frutas,FALSE,FALSE,FALSE,,
limao-cravo,Limão Cravo,4.0,500g,Frutas,FALSE,FALSE,FALSE,,
limao-galego,Limão Galego,5.0,500g,Frutas,FALSE,FALSE,FALSE,,
limao-siciliano,Limão Siciliano,7.0,500g,Frutas,FALSE,FALSE,FALSE,,
limao-taiti,Limão Taiti,5.0,500g,Frutas,FALSE,FALSE,FALSE,,
longan,Longan,10.0,500g,Frutas,FALSE,FALSE,FALSE,,
maca-verde-importada,Maçã Verde Importada,15.0,500g,Frutas,FALSE,FALSE,FALSE,,
maca-vermelha-importada,Maçã Vermelha Importada,15.0,500g,Frutas,FALSE,FALSE,FALSE,,
maca-nacional,Maçã Nacional,15.0,500g,Frutas,FALSE,FALSE,FALSE,,
mamao-caipira,Mamão Caipira,8.0,800g,Frutas,FALSE,FALSE,FALSE,,
mamao-formoso,Mamão Formoso,10.0,800g,Frutas,FALSE,FALSE,FALSE,,
mamao-havai,Mamão Havaí,10.0,500g,Frutas,FALSE,FALSE,FALSE,,
mamao-papaya,Mamão Papaya,10.0,500g,Frutas,FALSE,FALSE,FALSE,,
manga-bourbon,Manga Bourbon,10.0,500g,Frutas,FALSE,FALSE,FALSE,,
manga-comum,Manga Comum ou Coquinho,5.0,500g,Frutas,FALSE,FALSE,FALSE,,
manga-palmer,Manga Pálmer,8.0,500g,Frutas,FALSE,FALSE,FALSE,,
manga-tommy,Manga Tommy,8.0,500g,Frutas,FALSE,FALSE,FALSE,,
maracuja,Maracujá,10.0,500g,Frutas,FALSE,FALSE,FALSE,,
melancia,Melancia,8.0,1kg,Frutas,FALSE,FALSE,FALSE,,
melao,Melão,15.0,1kg,Frutas,FALSE,FALSE,FALSE,,
mexerica-bergamota,Mexerica Bergamota,8.0,500g,Frutas,FALSE,FALSE,FALSE,,
mexerica-murcote,Mexerica Murcote,8.0,500g,Frutas,FALSE,FALSE,FALSE,,
morango,Morango,12.0,250g,Frutas,FALSE,FALSE,FALSE,,
nactarina,Nactarina,13.0,500g,Frutas,FALSE,FALSE,FALSE,,
pera-nacional,Pera Nacional,10.0,500g,Frutas,FALSE,FALSE,FALSE,,
pessego,Pêssego,15.0,500g,Frutas,FALSE,FALSE,FALSE,,
pinha,Pinha,8.0,400g,Frutas,FALSE,FALSE,FALSE,,
pitaia,Pitaia,14.0,400g,Frutas,FALSE,FALSE,FALSE,Fruta exótica rica em antioxidantes.,
pitanga,Pitanga,8.0,250g,Frutas,FALSE,FALSE,FALSE,,
roma,Romã,10.0,400g,Frutas,FALSE,FALSE,FALSE,,
seriguela,Seriguela,5.0,250g,Frutas,FALSE,FALSE,FALSE,,
tamarindo,Tamarindo,10.0,500g,Frutas,FALSE,FALSE,FALSE,,
tangerina,Tangerina,8.0,500g,Frutas,FALSE,FALSE,FALSE,,
uva-isabel,Uva Isabel,20.0,500g,Frutas,FALSE,FALSE,FALSE,,
uva-italia,Uva Itália,20.0,500g,Frutas,FALSE,FALSE,FALSE,,
abobora-cabotia,Abóbora Cabotiá,8.0,500g,Verduras e Legumes,FALSE,FALSE,FALSE,,
abobora-moranga,Abóbora Moranga,4.0,500g,Verduras e Legumes,FALSE,FALSE,FALSE,,
abobora-seca,Abóbora Seca,4.0,500g,Verduras e Legumes,FALSE,FALSE,FALSE,,
abobora-seca-descascada,Abóbora Seca Descascada,5.0,500g,Verduras e Legumes,FALSE,FALSE,FALSE,,
abobora-italiana,Abóbora Italiana,8.0,500g,Verduras e Legumes,FALSE,FALSE,FALSE,,
abobora-menina,Abóbora Menina,8.0,500g,Verduras e Legumes,FALSE,FALSE,FALSE,,
acelga,Acelga,8.0,500g,Verduras e Legumes,FALSE,FALSE,FALSE,,
agriao,Agrião,6.0,400g,Verduras e Legumes,FALSE,FALSE,FALSE,,
alface-americana,Alface Americana,8.0,400g,Verduras e Legumes,FALSE,FALSE,FALSE,,
alface-crespa,Alface Crespa,7.0,400g,Verduras e Legumes,FALSE,FALSE,FALSE,,
alface-lisa,Alface Lisa,8.0,400g,Verduras e Legumes,FALSE,FALSE,FALSE,,
alface-roxa,Alface Roxa,8.0,400g,Verduras e Legumes,FALSE,FALSE,FALSE,,
alho-branco,Alho Branco,8.0,100g,Verduras e Legumes,FALSE,FALSE,FALSE,,
alho-japones,Alho Japonês,5.0,200g,Verduras e Legumes,FALSE,FALSE,FALSE,,
alho-poro,Alho Poró,8.0,200g,Verduras e Legumes,FALSE,FALSE,FALSE,,
almeirao-de-corte,Almeirão de Corte,6.0,400g,Verduras e Legumes,FALSE,FALSE,FALSE,,
almeirao-catalunha,Almeirão Catalunha,5.0,400g,Verduras e Legumes,FALSE,FALSE,FALSE,,
almeirao-pao-de-acucar,Almeirão Pão de Açúcar,6.0,400g,Verduras e Legumes,FALSE,FALSE,FALSE,,
batata-inglesa,Batata Inglesa,8.0,500g,Verduras e Legumes,FALSE,FALSE,FALSE,,
batata-bolinha,Batata Bolinha,6.0,500g,Verduras e Legumes,FALSE,FALSE,FALSE,,
batata-doce,Batata Doce,7.0,500g,Verduras e Legumes,FALSE,FALSE,FALSE,,
batata-doce-laranja,Batata Doce Laranja,10.0,500g,Verduras e Legumes,FALSE,FALSE,FALSE,,
batata-doce-roxa,Batata Doce Roxa,10.0,500g,Verduras e Legumes,FALSE,FALSE,FALSE,,
batata-yacon,Batata Yacon,10.0,500g,Verduras e Legumes,FALSE,FALSE,FALSE,,
beldroega,Beldroega,5.0,400g,Verduras e Legumes,FALSE,FALSE,FALSE,,
berinjela,Berinjela,6.0,500g,Verduras e Legumes,FALSE,FALSE,FALSE,,
bertalha,Bertalha,4.0,500g,Verduras e Legumes,FALSE,FALSE,FALSE,,
beterraba,Beterraba,8.0,500g,Verduras e Legumes,FALSE,FALSE,FALSE,,
brocolis,Brócolis,8.5,500g,Verduras e Legumes,FALSE,FALSE,FALSE,,
brocolis-ninja,Brócolis Ninja,10.0,1 unidade,Verduras e Legumes,FALSE,FALSE,FALSE,,
cambuquira,Cambuquira,5.0,400g,Verduras e Legumes,FALSE,FALSE,FALSE,,
cana-descascada,Cana Descascada,8.0,500g,Verduras e Legumes,FALSE,FALSE,FALSE,,
cara,Cará,5.0,500g,Verduras e Legumes,FALSE,FALSE,FALSE,,
caruru,Carurú,4.0,400g,Verduras e Legumes,FALSE,FALSE,FALSE,,
caxi,Caxí,7.0,1kg,Verduras e Legumes,FALSE,FALSE,FALSE,,
cebola,Cebola,10.0,500g,Verduras e Legumes,FALSE,FALSE,FALSE,,
cebola-roxa,Cebola Roxa,11.0,500g,Verduras e Legumes,FALSE,FALSE,FALSE,,
cebolete,Cebolete,5.0,50g,Verduras e Legumes,FALSE,FALSE,FALSE,,
cebolinha,Cebolinha,4.0,100g,Verduras e Legumes,FALSE,FALSE,FALSE,,
cenoura,Cenoura,9.0,500g,Verduras e Legumes,FALSE,FALSE,FALSE,,
chicoria,Chicória,5.0,400g,Verduras e Legumes,FALSE,FALSE,FALSE,,
chuchu,Chuchu,7.0,500g,Verduras e Legumes,FALSE,FALSE,FALSE,,
couve,Couve,6.0,400g,Verduras e Legumes,FALSE,FALSE,FALSE,,
couve-flor,Couve Flor,10.0,400g,Verduras e Legumes,FALSE,FALSE,FALSE,,
couve-manteiga,Couve Manteiga,8.0,400g,Verduras e Legumes,FALSE,FALSE,FALSE,,
ervilha,Ervilha,10.0,500g,Verduras e Legumes,FALSE,FALSE,FALSE,,
espinafre,Espinafre,7.0,400g,Verduras e Legumes,FALSE,FALSE,FALSE,,
inhame,Inhame,6.0,500g,Verduras e Legumes,FALSE,FALSE,FALSE,,
jilo,Jiló,5.0,500g,Verduras e Legumes,FALSE,FALSE,FALSE,,
mandioca-com-casca,Mandioca com Casca,4.0,500g,Verduras e Legumes,FALSE,FALSE,FALSE,,
mandioca-descascada,Mandioca Descascada,6.0,500g,Verduras e Legumes,FALSE,FALSE,FALSE,,
mandioquinha-branca,Mandioquinha Branca,12.0,500g,Verduras e Legumes,FALSE,FALSE,FALSE,,
maxixe,Maxixe,8.0,500g,Verduras e Legumes,FALSE,FALSE,FALSE,,
milho-verde,Milho Verde,8.0,500g,Verduras e Legumes,FALSE,FALSE,FALSE,,
mostarda,Mostarda,5.0,400g,Verduras e Legumes,FALSE,FALSE,FALSE,,
nabo,Nabo,8.0,500g,Verduras e Legumes,FALSE,FALSE,FALSE,,
pepininho,Pepininho,9.0,500g,Verduras e Legumes,FALSE,FALSE,FALSE,,
pepino-caipira,Pepino Caipira,6.0,500g,Verduras e Legumes,FALSE,FALSE,FALSE,,
pepino-comum,Pepino Comum,6.0,500g,Verduras e Legumes,FALSE,FALSE,FALSE,,
pepino-japones,Pepino Japonês,8.0,500g,Verduras e Legumes,FALSE,FALSE,FALSE,,
pimenta-biquinho,Pimenta Biquinho,8.0,300g,Verduras e Legumes,FALSE,FALSE,FALSE,,
pimenta-cambuci,Pimenta Cambuci,7.0,300g,Verduras e Legumes,FALSE,FALSE,FALSE,,
pimenta-dedo-de-moca,Pimenta Dedo de Moça,7.0,200g,Verduras e Legumes,FALSE,FALSE,FALSE,,
pimenta-malagueta,Pimenta Malagueta,8.0,300g,Verduras e Legumes,FALSE,FALSE,FALSE,,
pimentao-amarelo,Pimentão Amarelo,15.0,500g,Verduras e Legumes,FALSE,FALSE,FALSE,,
pimentao-verde,Pimentão Verde,10.0,500g,Verduras e Legumes,FALSE,FALSE,FALSE,,
pimentao-vermelho,Pimentão Vermelho,15.0,500g,Verduras e Legumes,FALSE,FALSE,FALSE,,
quiabo,Quiabo,8.5,500g,Verduras e Legumes,FALSE,FALSE,FALSE,,
rabanete,Rabanete,5.0,300g,Verduras e Legumes,FALSE,FALSE,FALSE,,
repolho,Repolho,10.0,800g,Verduras e Legumes,FALSE,FALSE,FALSE,,
rucula,Rúcula,6.0,400g,Verduras e Legumes,FALSE,FALSE,FALSE,,
taioba,Taioba,5.0,400g,Verduras e Legumes,FALSE,FALSE,FALSE,,
tomate-cereja,Tomate Cereja,12.0,400g,Verduras e Legumes,FALSE,FALSE,FALSE,,
tomate-salada,Tomate Salada,9.0,500g,Verduras e Legumes,FALSE,FALSE,FALSE,,
vagem,Vagem,10.0,500g,Verduras e Legumes,FALSE,FALSE,FALSE,,
vinagreira,Vinagreira,5.0,400g,Verduras e Legumes,FALSE,FALSE,FALSE,,
alecrim,Alecrim,5.0,100g,Ervas e Temperos,FALSE,FALSE,FALSE,,
alfavaca,Alfavaca,4.0,100g,Ervas e Temperos,FALSE,FALSE,FALSE,,
arnica,Arnica,5.0,100g,Ervas e Temperos,FALSE,FALSE,FALSE,,
babosa,Babosa,5.0,100g,Ervas e Temperos,FALSE,FALSE,FALSE,,
capim-limao,Capim Limão,5.0,100g,Ervas e Temperos,FALSE,FALSE,FALSE,,
capuchinho,Capuchinho,8.0,100g,Ervas e Temperos,FALSE,FALSE,FALSE,,
carqueja,Carqueja,5.0,100g,Ervas e Temperos,FALSE,FALSE,FALSE,,
cheiro-verde,Cheiro Verde,5.0,200g,Ervas e Temperos,FALSE,FALSE,FALSE,,
coentro,Coentro,5.0,200g,Ervas e Temperos,FALSE,FALSE,FALSE,,
colorau,Colorau,10.0,100g,Ervas e Temperos,FALSE,FALSE,FALSE,,
curcuma-in-natura,Cúrcuma in Natura,5.0,100g,Ervas e Temperos,FALSE,FALSE,FALSE,Raiz anti-inflamatória poderosa.,
erva-doce-organica,Erva Doce Orgânica,8.0,100g,Ervas e Temperos,FALSE,FALSE,FALSE,,
estragon,Estragão,5.0,100g,Ervas e Temperos,FALSE,FALSE,FALSE,,
gengibre,Gengibre,5.0,100g,Ervas e Temperos,FALSE,FALSE,FALSE,,
guaco,Guaco,5.0,200g,Ervas e Temperos,FALSE,FALSE,FALSE,,
hortela,Hortelã,5.0,100g,Ervas e Temperos,FALSE,FALSE,FALSE,,
hortela-pimenta,Hortelã Pimenta,7.0,100g,Ervas e Temperos,FALSE,FALSE,FALSE,,
manjericao,Manjericão,5.0,100g,Ervas e Temperos,FALSE,FALSE,FALSE,,
melissa,Melissa,5.0,100g,Ervas e Temperos,FALSE,FALSE,FALSE,,
menta,Menta,5.0,100g,Ervas e Temperos,FALSE,FALSE,FALSE,,
oregano,Orégano,5.0,100g,Ervas e Temperos,FALSE,FALSE,FALSE,,
oro-pro-nobis,Oro Pro Nobis,4.0,100g,Ervas e Temperos,FALSE,FALSE,FALSE,Hortaliça nativa rica em proteínas.,
peixinho,Peixinho,5.0,100g,Ervas e Temperos,FALSE,FALSE,FALSE,,
salsinha,Salsinha,4.0,100g,Ervas e Temperos,FALSE,FALSE,FALSE,,
salvia,Sálvia,7.0,100g,Ervas e Temperos,FALSE,FALSE,FALSE,,
tomilho,Tomilho,5.0,100g,Ervas e Temperos,FALSE,FALSE,FALSE,,
amendoim,Amendoim,20.0,500g,Proteínas,FALSE,FALSE,FALSE,,
ovos-codorna,Ovos de Codorna,25.0,30 ovos,Proteínas,FALSE,FALSE,FALSE,,
ovo-caipira-10,Ovo Caipira (cartela c/ 10),15.0,10 unidades,Proteínas,FALSE,FALSE,FALSE,Ovos caipiras orgânicos.,
ovo-caipira-30,Ovo Caipira (cartela c/ 30),40.0,30 unidades,Proteínas,FALSE,FALSE,FALSE,Ovos caipiras orgânicos.,
acucar-mascavo,Açúcar Mascavo,12.0,500g,Grãos e Cereais,FALSE,FALSE,FALSE,,
arroz-sete-graos,Arroz Sete Grãos,10.0,500g,Grãos e Cereais,FALSE,FALSE,FALSE,,
arroz-cateto-integral-vacuo,Arroz Cateto Integral Orgânico a Vácuo,28.0,1kg,Grãos e Cereais,FALSE,FALSE,FALSE,,
arroz-cateto-polido-vacuo,Arroz Cateto Polido Orgânico a Vácuo,20.0,1kg,Grãos e Cereais,FALSE,FALSE,FALSE,,
arroz-integral-organico,Arroz Integral Orgânico,15.0,1kg,Grãos e Cereais,FALSE,FALSE,FALSE,,
arroz-integral-organico-vacuo,Arroz Integral Orgânico a Vácuo,25.0,1kg,Grãos e Cereais,FALSE,FALSE,FALSE,,
arroz-misturadinho-vacuo,Arroz Misturadinho Orgânico a Vácuo,10.0,500g,Grãos e Cereais,FALSE,FALSE,FALSE,,
arroz-parbolizado,Arroz Parbolizado Orgânico,20.0,1kg,Grãos e Cereais,FALSE,FALSE,FALSE,,
arroz-polido-organico,Arroz Polido Orgânico,15.0,1kg,Grãos e Cereais,FALSE,FALSE,FALSE,,
arroz-polido-organico-vacuo,Arroz Polido Orgânico a Vácuo,20.0,1kg,Grãos e Cereais,FALSE,FALSE,FALSE,,
aveia-em-laminas,Aveia em Lâminas Orgânica,14.0,250g,Grãos e Cereais,FALSE,FALSE,FALSE,,
canjica-milho,Canjica de Milho Orgânica,18.0,500g,Grãos e Cereais,FALSE,FALSE,FALSE,,
canjica-trigo,Canjica de Trigo Orgânica,8.0,500g,Grãos e Cereais,FALSE,FALSE,FALSE,,
chia-graos,Chia em Grãos Orgânica,20.0,250g,Grãos e Cereais,FALSE,FALSE,FALSE,,
chiaca-organica,Chiaça Orgânica,20.0,250g,Grãos e Cereais,FALSE,FALSE,FALSE,,
erva-mate,Erva Mate Orgânica,26.0,1kg,Grãos e Cereais,FALSE,FALSE,FALSE,,
farinha-arroz,Farinha de Arroz Orgânica,20.0,500g,Grãos e Cereais,FALSE,FALSE,FALSE,,
farinha-aveia,Farinha de Aveia Orgânica,15.0,250g,Grãos e Cereais,FALSE,FALSE,FALSE,,
farinha-linhaca,Farinha de Linhaça Dourada Orgânica,18.0,300g,Grãos e Cereais,FALSE,FALSE,FALSE,,
farinha-mandioca,Farinha de Mandioca Orgânica,18.0,500g,Grãos e Cereais,FALSE,FALSE,FALSE,,
farinha-soja,Farinha de Soja,7.0,300g,Grãos e Cereais,FALSE,FALSE,FALSE,,
farinha-trigo-branca,Farinha de Trigo Branca Orgânica,25.0,500g,Grãos e Cereais,FALSE,FALSE,FALSE,,
farinha-trigo-integral,Farinha de Trigo Integral Orgânica,30.0,500g,Grãos e Cereais,FALSE,FALSE,FALSE,,
feijao-carioquinha,Feijão Carioquinha,14.0,500g,Grãos e Cereais,FALSE,FALSE,FALSE,,
feijao-de-corda,Feijão de Corda,12.0,500g,Grãos e Cereais,FALSE,FALSE,FALSE,,
feijao-guandu,Feijão Guandu Seco,12.0,500g,Grãos e Cereais,FALSE,FALSE,FALSE,,
feijao-preto,Feijão Preto,18.0,500g,Grãos e Cereais,FALSE,FALSE,FALSE,,
feijao-vermelho,Feijão Vermelho,18.0,500g,Grãos e Cereais,FALSE,FALSE,FALSE,,
flocos-arroz,Flocos de Arroz Orgânico,8.0,100g,Grãos e Cereais,FALSE,FALSE,FALSE,,
flocos-aveia,Flocos de Aveia Orgânico,10.0,250g,Grãos e Cereais,FALSE,FALSE,FALSE,,
flocos-milho,Flocos de Milho Orgânico,20.0,250g,Grãos e Cereais,FALSE,FALSE,FALSE,,
fuba-milho,Fubá de Milho Orgânico,20.0,500g,Grãos e Cereais,FALSE,FALSE,FALSE,,
grao-de-bico,Grão de Bico,25.0,500g,Grãos e Cereais,FALSE,FALSE,FALSE,,
linhaca-dourada,Linhaça Dourada Grãos,20.0,250g,Grãos e Cereais,FALSE,FALSE,FALSE,,
milho-pipoca,Milho de Pipoca,18.0,500g,Grãos e Cereais,FALSE,FALSE,FALSE,,
quinoa,Quinoa em Grãos,25.0,250g,Grãos e Cereais,FALSE,FALSE,FALSE,,
soja-graos,Soja em Grãos,15.0,500g,Grãos e Cereais,FALSE,FALSE,FALSE,,
trigo-graos,Trigo em Grãos,18.0,500g,Grãos e Cereais,FALSE,FALSE,FALSE,,
banana-passa,Banana Passa,8.0,60g,Derivados e Processados,FALSE,FALSE,FALSE,,
banha-suina,Banha Suína Congelada,15.0,300g,Derivados e Processados,FALSE,FALSE,FALSE,,
biomassa-banana-verde,Biomassa Banana Verde,6.0,250g,Derivados e Processados,FALSE,FALSE,FALSE,Prebiótico natural. Ótimo para receitas sem glúten.,
bolacha-arroz-gergelim,Bolacha de Arroz Orgânico - Gergelim,15.0,95g,Derivados e Processados,FALSE,FALSE,FALSE,,
bolacha-arroz-linhaca,Bolacha de Arroz Orgânico - Linhaça,15.0,95g,Derivados e Processados,FALSE,FALSE,FALSE,,
bolacha-arroz-tradicional,Bolacha de Arroz Orgânico - Tradicional,15.0,95g,Derivados e Processados,FALSE,FALSE,FALSE,,
bucha-vegetal,Bucha Vegetal,7.0,50g,Derivados e Processados,FALSE,FALSE,FALSE,,
castanha-para,Castanha do Pará,20.0,100g,Derivados e Processados,FALSE,FALSE,FALSE,,
conserva-berinjela,Conserva de Berinjela,24.0,600g,Derivados e Processados,FALSE,FALSE,FALSE,,
conserva-cambuci,Conserva de Cambuci,20.0,600g,Derivados e Processados,FALSE,FALSE,FALSE,,
conserva-jilo,Conserva de Jiló,20.0,600g,Derivados e Processados,FALSE,FALSE,FALSE,,
conserva-pepininho,Conserva de Pepininho,20.0,600g,Derivados e Processados,FALSE,FALSE,FALSE,,
conserva-dedo-de-moca,Conserva de Dedo de Moça,20.0,600g,Derivados e Processados,FALSE,FALSE,FALSE,,
conserva-quiabo,Conserva de Quiabo,20.0,600g,Derivados e Processados,FALSE,FALSE,FALSE,,
cural-milho-verde,Cural de Milho Verde,10.0,250g,Derivados e Processados,FALSE,FALSE,FALSE,,
curcuma-conserva,Cúrcuma em Conserva,18.0,250g,Derivados e Processados,FALSE,FALSE,FALSE,,
curcuma-po,Cúrcuma em Pó Orgânica,25.0,250g,Derivados e Processados,FALSE,FALSE,FALSE,,
doce-banana,Doce de Banana Orgânica,15.0,250g,Derivados e Processados,FALSE,FALSE,FALSE,,
doce-mamao,Doce de Mamão,18.0,500g,Derivados e Processados,FALSE,FALSE,FALSE,,
extrato-tomate,Extrato de Tomate Orgânico,25.0,600g,Derivados e Processados,FALSE,FALSE,FALSE,,
geleia-amora-280,Geleia de Amora Orgânica (280g),25.0,280g,Derivados e Processados,FALSE,FALSE,FALSE,,
geleia-amora-720,Geleia de Amora Orgânica (720g),30.0,720g,Derivados e Processados,FALSE,FALSE,FALSE,,
geleia-morango,Geleia de Morango Orgânica,25.0,295g,Derivados e Processados,FALSE,FALSE,FALSE,,
geleia-uva,Geleia de Uva Orgânica,25.0,280g,Derivados e Processados,FALSE,FALSE,FALSE,,
geleia-mamao-laranja-limao,"Geleia de Mamão, Laranja e Limão Orgânica",25.0,240g,Derivados e Processados,FALSE,FALSE,FALSE,,
geleia-mamao-pimenta,Geleia de Mamão c/ Pimenta Orgânica,25.0,240g,Derivados e Processados,FALSE,FALSE,FALSE,,
inhoque-biomassa,Inhoque de Biomassa de Banana,10.0,pacote 500g,Derivados e Processados,FALSE,FALSE,FALSE,,
inhoque-mandioca,Inhoque de Mandioca,17.0,pacote 500g,Derivados e Processados,FALSE,FALSE,FALSE,,
inhoque-mandioca-recheado,Inhoque de Mandioca Recheado,20.0,pacote 500g,Derivados e Processados,FALSE,FALSE,FALSE,,
licuri,Licuri,10.0,100g,Derivados e Processados,FALSE,FALSE,FALSE,"Disponível: torrado c/ sal, sem sal ou com rapadura.",
mandioca-cozida-vacuo,Mandioca Cozida a Vácuo,10.0,500g,Derivados e Processados,FALSE,FALSE,FALSE,,
molho-tomate-580,Molho de Tomate Orgânico (580g),25.0,580g,Derivados e Processados,FALSE,FALSE,FALSE,,
molho-tomate-800,Molho de Tomate Orgânico (800g),28.0,800g,Derivados e Processados,FALSE,FALSE,FALSE,,
pasta-amendoim-natural,Pasta de Amendoim Natural,35.0,240g,Derivados e Processados,FALSE,FALSE,FALSE,,
pasta-amendoim-mel,Pasta de Amendoim com Mel,35.0,240g,Derivados e Processados,FALSE,FALSE,FALSE,,
pasta-amendoim-coco,Pasta de Amendoim c/ Açúcar de Coco,35.0,240g,Derivados e Processados,FALSE,FALSE,FALSE,,
piqui-organico,Piqui Orgânico,10.0,500g,Derivados e Processados,FALSE,FALSE,FALSE,,
polpa-abacaxi,Polpa de Abacaxi,7.0,250g,Derivados e Processados,FALSE,FALSE,FALSE,,
polpa-acerola,Polpa de Acerola,6.0,250g,Derivados e Processados,FALSE,FALSE,FALSE,,
polpa-amora,Polpa de Amora,6.0,250g,Derivados e Processados,FALSE,FALSE,FALSE,,
polpa-caju,Polpa de Cajú,8.0,250g,Derivados e Processados,FALSE,FALSE,FALSE,,
polpa-goiaba,Polpa de Goiaba,6.0,250g,Derivados e Processados,FALSE,FALSE,FALSE,,
polpa-graviola,Polpa de Graviola,8.0,250g,Derivados e Processados,FALSE,FALSE,FALSE,,
polpa-limao,Polpa de Limão,7.0,250g,Derivados e Processados,FALSE,FALSE,FALSE,,
polpa-manga,Polpa de Manga,6.0,250g,Derivados e Processados,FALSE,FALSE,FALSE,,
polpa-maracuja,Polpa de Maracujá,8.0,250g,Derivados e Processados,FALSE,FALSE,FALSE,,
polpa-tamarindo,Polpa de Tamarindo,8.0,250g,Derivados e Processados,FALSE,FALSE,FALSE,,
rapadura-organica,Rapadura Orgânica,20.0,600g,Derivados e Processados,FALSE,FALSE,FALSE,,
mini-rapadura,Mini Rapadura Orgânica,6.0,100g,Derivados e Processados,FALSE,FALSE,FALSE,,
sal-rosa-fino,Sal Rosa do Himalaia Fino,15.0,250g,Derivados e Processados,FALSE,FALSE,FALSE,,
sal-rosa-grosso,Sal Rosa do Himalaia Grosso,15.0,250g,Derivados e Processados,FALSE,FALSE,FALSE,,
cachaca-socialista,Cachaça Artesanal A Socialista,70.0,700ml,Bebidas,FALSE,FALSE,FALSE,Cachaça artesanal produzida com cana orgânica.,
cerveja-stein-haus,Cerveja Stein Haus Blonde Ale S/ Glúten Orgânica,33.0,500ml,Bebidas,FALSE,FALSE,FALSE,,
suco-uva-1000,Suco de Uva Integral (1L),28.0,1L,Bebidas,FALSE,FALSE,FALSE,,
suco-uva-1500,"Suco de Uva Integral (1,5L)",30.0,"1,5L",Bebidas,FALSE,FALSE,FALSE,,
suco-uva-organico,Suco de Uva Integral Orgânico,32.0,1L,Bebidas,FALSE,FALSE,FALSE,,
suco-amora-organico,Suco de Amora Integral Orgânico,30.0,1L,Bebidas,FALSE,FALSE,FALSE,,
suco-maca,Suco de Maçã Integral,28.0,1L,Bebidas,FALSE,FALSE,FALSE,,
suco-misto-manga-maca,Suco Misto Manga e Maçã Integral,11.0,300ml,Bebidas,FALSE,FALSE,FALSE,,
suco-misto-tangerina,"Suco Misto Tangerina, Manga e Maçã Integral",11.0,300ml,Bebidas,FALSE,FALSE,FALSE,,
bolo-mandioca,Bolo de Mandioca,25.0,650g,Pães e Panificação,FALSE,FALSE,FALSE,Bolo artesanal de mandioca.,
pao-integral,Pão Integral,20.0,650g,Pães e Panificação,FALSE,FALSE,FALSE,,
pao-integral-sementes,Pão Integral com Sementes,25.0,650g,Pães e Panificação,FALSE,FALSE,FALSE,,
pao-tradicional,Pão Tradicional,17.0,650g,Pães e Panificação,FALSE,FALSE,FALSE,,
pao-vegano,Pão Artesanal Vegano,20.0,650g,Pães e Panificação,FALSE,FALSE,FALSE,,
mel-silvestre-cipo-uva-500,Mel Silvestre Cipó Uva (500g),50.0,500g,Mel e Apícolas,FALSE,FALSE,FALSE,Mel silvestre extraído de cipó uva.,
mel-silvestre-cipo-uva-350,Mel Silvestre Cipó Uva (350g),40.0,350g,Mel e Apícolas,FALSE,FALSE,FALSE,,
mel-silvestre-gengibre,Mel Silvestre com Gengibre,45.0,350g,Mel e Apícolas,FALSE,FALSE,FALSE,,
mel-silvestre-guaco,Mel Silvestre com Guaco,45.0,350g,Mel e Apícolas,FALSE,FALSE,FALSE,,
mel-silvestre-jatai,Mel Silvestre Jataí,50.0,70g,Mel e Apícolas,FALSE,FALSE,FALSE,"Mel da abelha Jataí — sem ferrão, sabor suave.",
mel-silvestre,Mel Silvestre,35.0,280g,Mel e Apícolas,FALSE,FALSE,FALSE,,
polen,Pólen,40.0,150g,Mel e Apícolas,FALSE,FALSE,FALSE,Superalimento rico em proteínas e vitaminas.,
propolis-verde,Própolis Verde,35.0,30ml,Mel e Apícolas,FALSE,FALSE,FALSE,Própolis verde — antibiótico natural.,